drugbank_id,snp_type,protein_name,gene_symbol,uniprot_id,rs_id,allele,defining_change,adverse_reaction,description,pubmed_id
DB00002,effect,Low affinity immunoglobulin gamma Fc region receptor II-a,FCGR2A,P12318,rs1801274,,H allelle,,Patients with this genotype may have increased progression-free survival time when using cetuximab to treat colorectal cancer.,17704420
DB00002,effect,Low affinity immunoglobulin gamma Fc region receptor III-A,FCGR3A,P08637,rs396991,,G > T,,Patients with this genotype have increased progression-free survival time when using cetuximab to treat colorectal cancer.,17704420
DB00008,effect,Interferon lambda-3,IFNL3,Q8IZI9,rs12979860,,C > T,,Patients with this genotype in IFNL3 have a reduced likelihood of achieving sustained virologic response to peginterferon alfa-2a therapy.,24096968
DB00022,effect,Interferon lambda-3,IFNL3,Q8IZI9,rs12979860,,C > T,,Patients with this genotype in IFNL3 have a reduced likelihood of achieving sustained virologic response to peginterferon alfa-2b therapy.,24096968
DB00065,effect,Low affinity immunoglobulin gamma Fc region receptor III-A,FCGR3A,P08637,rs1801274,,CC Allele (homozygous),,Patients with this genotype have increased ACR20 response when using infliximab to treat rheumatoid arthritis.,18930989
DB00072,adverse_reaction,Receptor tyrosine-protein kinase erbB-2,ERBB2,P04626,rs1136201,,,"G Allele, heterozygote",Patients with this genotype have increased risk of cardiotoxicity with trastuzumab.,17693647
DB00073,effect,Low affinity immunoglobulin gamma Fc region receptor III-A,FCGR3A,P08637,rs396991,FCGR3A,T > G,,"Patients with this genotype have increased frequency of anti-tumor response when using rituximab to treat diffuse large B-cell lymphoma, follicular lymphoma, or [follicular non-Hodgkin lymphoma].",16609067
DB00175,effect,Kinesin-like protein KIF6,KIF6,Q6ZMV9,rs20455,,C Allele,,Patients with this genotype have a greater reduction in risk of a major cardiovascular event with high dose pravastatin.,18222353
DB00175,effect,3-hydroxy-3-methylglutaryl-coenzyme A reductase,HMGCR,P04035,rs17244841,,T Allele,,Patients with this genotype have a lesser reduction in LDL cholesterol with pravastatin.,15199031
DB00176,effect,Cytochrome P450 2D6,CYP2D6,P10635,rs35742686,CYP2D6*3,2549delA,,The presence of this polymorphism in CYP2D6 is associated with reduced or poor metabolism of fluvoxamine.,25974703
DB00176,effect,Cytochrome P450 2D6,CYP2D6,P10635,rs3892097,CYP2D6*4,A allele,,The presence of this polymorphism in CYP2D6 is associated with reduced or poor metabolism of fluvoxamine.,25974703
DB00176,effect,Cytochrome P450 2D6,CYP2D6,P10635,,CYP2D6*5,Whole-gene deletion,,The presence of this polymorphism in CYP2D6 is associated with reduced or poor metabolism of fluvoxamine.,25974703
DB00176,effect,Cytochrome P450 2D6,CYP2D6,P10635,rs5030655,CYP2D6*6,1707delT,,The presence of this polymorphism in CYP2D6 is associated with reduced or poor metabolism of fluvoxamine.,25974703
DB00176,effect,Cytochrome P450 2D6,CYP2D6,P10635,rs1135824,CYP2D6*3,G allele,,The presence of this polymorphism in CYP2D6 is associated with reduced or poor metabolism of fluvoxamine.,
DB00176,effect,Cytochrome P450 2D6,CYP2D6,P10635,rs28371733,CYP2D6*4,3877G>A,,The presence of this polymorphism in CYP2D6 is associated with reduced or poor metabolism of fluvoxamine.,
DB00178,effect,Angiotensin-converting enzyme,ACE,P12821,rs4344,,"A Allele, homozygote",,Patients with this genotype have a shorter time to lowering of blood pressure with ramipril,17885551
DB00201,adverse_reaction,Cytochrome P450 1A2,CYP1A2,P05177,rs762551,,,C allele,Patients with this genotype have increased risk of a non-fatal myocardial infarction with caffeine,16522833
DB00203,effect,Angiotensin-converting enzyme,ACE,P12821,rs1799752,,Alu insertions,,Patients with this genotype have increased frequency of positive erectile response when using sildenafil to treat erectile dysfunction,12837457
DB00203,effect,Guanine nucleotide-binding protein G(I)/G(S)/G(T) subunit beta-3,GNB3,P16520,rs5443,,"T allele, homozygote",,Patients with this genotype have increased frequency of positive erectile response when using sildenafil to treat erectile dysfunction,12576843
DB00215,effect,Multidrug resistance protein 1,ABCB1,P08183,rs2032583,,C Allele,,Patients with this genotype have an increased likelihood of remission when using citalopram to treat major depressive disorder,17913323
DB00215,effect,5-hydroxytryptamine receptor 2A,HTR2A,P28223,rs7997012,,A Allele,,Patients with this genotype have an increased likelihood of responding to citalopram when treating major depressive disorder,16642436
DB00215,effect,"Glutamate receptor ionotropic, kainate 4",GRIK4,Q16099,rs1954787,,C Allele,,Patients with this genotype have an increased likelihood of responding to citalopram when treating major depressive disorder,17671280
DB00215,adverse_reaction,"Glutamate receptor ionotropic, kainate 2",GRIK2,Q13002,rs2518224,,,"C Allele, homozygote",Patients with this genotype have increased frequency of suicidal ideation with citalopram,17898344
DB00215,adverse_reaction,Glutamate receptor 3,GRIA3,P42263,rs4825476,,,G allele,Patients with this genotype have increased frequency of suicidal ideation with citalopram,17898344
DB00215,adverse_reaction,Cyclic AMP-responsive element-binding protein 1,CREB1,P16220,rs4675690,,,"T allele, homozygous",Male patients with this genotype have an increased risk of (condition: suicide) with (drug: citalopram).,17548750
DB00216,effect,Guanine nucleotide-binding protein G(I)/G(S)/G(T) subunit beta-3,GNB3,P16520,rs5443,,T Allele,,Patients with this genotype have an increased likelihood of responding to elitriptan when treating (condition: cluster headache).,17361120
DB00252,effect,Cytochrome P450 2C9,CYP2C9,P11712,rs1057910,CYP2C9*3,C Allele,,Patients with this genotype have reduced metabolism of phenytoin.,15805193
DB00252,adverse_reaction,"HLA class I histocompatibility antigen, B-15 alpha chain",HLA-B,P30464,,HLA-B*15:02,,HLA-B*15,The presence of this genotype in HLA-B is associated with an increased risk of Stevens-Johnson syndrome and toxic epidermal necrolysis when treated with phenytoin.,25099164
DB00264,effect,Beta-1 adrenergic receptor,ADRB1,P08588,rs1801252,,A Allele,,Patients with this genotype have a greater reduction in blood pressure with metoprolol.,12844134
DB00264,effect,Cytochrome P450 2D6,CYP2D6,P10635,rs3892097,CYP2D6*4,A allele,,Patients with this genotype have reduced metabolism of metoprolol.,18784654
DB00264,effect,Beta-1 adrenergic receptor,ADRB1,P08588,rs1801253,,G > C,,Patients with this genotype have a greater reduction in blood pressure with metoprolol.,12844134
DB00277,effect,Cytochrome P450 1A2,CYP1A2,P05177,,-2964(G/A),A Allele,,Patients with this genotype have reduced metabolism of theophylline.,12732846
DB00285,effect,Cytochrome P450 2D6,CYP2D6,P10635,rs3892097,CYP2D6*4,A Allele,,Patients with this genotype have reduced metabolism of venlafaxine.,16958828
DB00285,effect,Cytochrome P450 2D6,CYP2D6,P10635,rs5030655,CYP2D6*6,T deletion,,Patients with this genotype have reduced metabolism of venlafaxine.,16958828
DB00285,effect,Cytochrome P450 2D6,CYP2D6,P10635,,CYP2D6*5,"Whole gene deletion, homozygote",,Patients with this genotype have reduced metabolism of venlafaxine.,16958828
DB00285,effect,Multidrug resistance protein 1,ABCB1,P08183,rs2032583,,C Allele,,Patients with this genotype have an increased likelihood of remission when using venlafaxine to treat major depressive disorder,17913323
DB00285,effect,Multidrug resistance protein 1,ABCB1,P08183,rs2032583,,T > C,,Patients with this genotype have increased risk of adverse events with venlafaxine,22641028
DB00289,effect,Cytochrome P450 2D6,CYP2D6,P10635,rs35742686,CYP2D6*3,2549delA,,The presence of this genotype in CYP2D6 may be associated with reduced metabolism of atomoxetine and more frequent occurrence of adverse events.,25919121
DB00289,effect,Cytochrome P450 2D6,CYP2D6,P10635,rs3892097,CYP2D6*4,"A Allele, homozygote",,The presence of this genotype in CYP2D6 is associated with poor metabolism of atomoxetine and more frequent occurrence of adverse events.,25919121
DB00289,effect,Cytochrome P450 2D6,CYP2D6,P10635,,CYP2D6*5,Whole Gene Deletion,,The presence of this genotype in CYP2D6 is associated with poor metabolism of atomoxetine and more frequent occurrence of adverse events.,25919121
DB00289,effect,Cytochrome P450 2D6,CYP2D6,P10635,rs5030655,CYP2D6*6,"T deletion, homozygote",,The presence of this genotype in CYP2D6 is associated with poor metabolism of atomoxetine and more frequent occurrence of adverse events.,25919121
DB00289,effect,Cytochrome P450 2D6,CYP2D6,P10635,rs1135824,CYP2D6*3,G allele,,The presence of this genotype in CYP2D6 may be associated with reduced metabolism of atomoxetine and more frequent occurrence of adverse events.,
DB00289,effect,Cytochrome P450 2D6,CYP2D6,P10635,rs28371733,CYP2D6*4,3877G>A,,The presence of this genotype in CYP2D6 may be associated with reduced metabolism of atomoxetine and more frequent occurrence of adverse events.,
DB00290,effect,Bleomycin hydrolase,BLMH,Q13867,rs10500565,,G Allele,,Patients with this genotype have reduced survival time and increased frequency of early relapse when using bleomycin to treat testicular cancer.,18398146
DB00295,effect,Multidrug resistance protein 1,ABCB1,P08183,rs1045642,,T Allele,,Patients with this genotype may have an increased analgesic response to morphine.,17898703
DB00295,effect,Mu-type opioid receptor,OPRM1,P35372,rs1799971,,A Allele,,Patients with this genotype may have an increased analgesic response to morphine.,17898703
DB00313,adverse_reaction,DNA polymerase subunit gamma-1,POLG,P54098,rs113994095,A467T,,G > A,The presence of this polymorphism in POLG may indicate an increased risk of liver failure and death when treated with valproic acid.,
DB00313,adverse_reaction,DNA polymerase subunit gamma-1,POLG,P54098,rs113994097,W748S,,G > C,The presence of this polymorphism in POLG may indicate an increased risk of liver failure and death when treated with valproic acid.,
DB00315,effect,Guanine nucleotide-binding protein G(I)/G(S)/G(T) subunit beta-3,GNB3,P16520,rs5443,,T Allele,,Patients with this genotype have an increased likelihood of responding to zolmitriptan when treating (condition: cluster headache).,17361120
DB00317,effect,Epidermal growth factor receptor,EGFR,P00533,rs121434568,L858R,T > G,,The presence of this polymorphism in EGFR is associated with a higher response rate to gefitinib.,15118073
DB00317,effect,Epidermal growth factor receptor,EGFR,P00533,rs28929495,G719A/C,G > A or C or T,,The presence of this polymorphism in EGFR is associated with a higher response rate to gefitinib.,15118073
DB00317,effect,Epidermal growth factor receptor,EGFR,P00533,rs121913444,L861Q,T > A or G,,The presence of this polymorphism in EGFR is associated with a higher response rate to gefitinib.,15118073
DB00317,adverse_reaction,ATP-binding cassette sub-family G member 2,ABCG2,Q9UNQ0,rs2231142,,,A allele,Patients with this genotype have an increased risk of diarrhea with gefitinib.,17148776
DB00318,effect,Cytochrome P450 2D6,CYP2D6,P10635,rs3892097,CYP2D6*4,"A Allele, homozygote",,Patients with this genotype have reduced metabolism of codeine.,1782973
DB00318,effect,Cytochrome P450 2D6,CYP2D6,P10635,rs5030655,CYP2D6*6,"T deletion, homozygote",,Patients with this genotype have reduced metabolism of codeine.,1782973
DB00318,effect,Cytochrome P450 2D6,CYP2D6,P10635,,CYP2D6*5,"Whole gene deletion, homozygote",,Patients with this genotype have reduced metabolism of codeine.,1782973
DB00318,effect,Cytochrome P450 2D6,CYP2D6,P10635,rs35742686,CYP2D6*3,2549delA,,The presence of this polymorphism in CYP2D6 results in non-functioning enzyme variant and may be associated with reduced drug mtabolism or reduced therapeutic response when treated with codeine.,24458010
DB00318,effect,Cytochrome P450 2D6,CYP2D6,P10635,rs3892097,CYP2D6*4,A allele,,The presence of this polymorphism in CYP2D6 is associated with poor metabolism of codeine.,24458010
DB00318,effect,Cytochrome P450 2D6,CYP2D6,P10635,,CYP2D6*5,Whole-gene deletion,,The presence of this polymorphism in CYP2D6 is associated with poor metabolism of codeine and lack of therapeutic response from codeine.,24458010
DB00318,effect,Cytochrome P450 2D6,CYP2D6,P10635,rs5030655,CYP2D6*6,1707delT,,The presence of this polymorphism in CYP2D6 is associated with poor metabolism of codeine.,24458010
DB00318,effect,Cytochrome P450 2D6,CYP2D6,P10635,rs1135824,CYP2D6*3,G allele,,The presence of this polymorphism in CYP2D6 results in non-functioning enzyme variant and may be associated with reduced therapeutic response when treated with codeine.,
DB00318,effect,Cytochrome P450 2D6,CYP2D6,P10635,rs28371733,CYP2D6*4,3877G>A,,The presence of this polymorphism in CYP2D6 results in non-functioning enzyme variant and may be associated with reduced therapeutic response when treated with codeine.,
DB00321,effect,Cytochrome P450 2D6,CYP2D6,P10635,rs3892097,CYP2D6*4,A Allele,,Patients with this genotype have reduced metabolism of amitriptyline.,18070221
DB00321,effect,Multidrug resistance protein 1,ABCB1,P08183,rs2032583,,C Allele,,Patients with this genotype have an increased likelihood of remission when using amitriptyline to treat major depressive disorder,17913323
DB00321,effect,Cytochrome P450 2C19,CYP2C19,P33261,rs4244285,CYP2C19*2,G > A,,Patients with this genotype have reduced metabolism of amitriptyline.,20531370
DB00321,effect,Multidrug resistance protein 1,ABCB1,P08183,rs2032583,,T > C,,Patients with this genotype have increased risk of adverse events with amitriptyline,22641028
DB00321,effect,Cytochrome P450 2D6,CYP2D6,P10635,rs35742686,CYP2D6*3,2549delA,,The presence of this polymorphism in CYP2D6 is associated with reduced or poor metabolism of amitriptyline.,27997040
DB00321,effect,Cytochrome P450 2D6,CYP2D6,P10635,rs3892097,CYP2D6*4,A allele,,The presence of this polymorphism in CYP2D6 is associated with reduced or poor metabolism of amitriptyline.,27997040
DB00321,effect,Cytochrome P450 2D6,CYP2D6,P10635,,CYP2D6*5,Whole-gene deletion,,The presence of this polymorphism in CYP2D6 is associated with reduced or poor metabolism of amitriptyline.,27997040
DB00321,effect,Cytochrome P450 2D6,CYP2D6,P10635,rs5030655,CYP2D6*6,1707delT,,The presence of this polymorphism in CYP2D6 is associated with reduced or poor metabolism of amitriptyline.,27997040
DB00321,effect,Cytochrome P450 2C19,CYP2C19,P33261,rs4244285,CYP2C19*2,681G>A,,The presence of this polymorphism in CYP2C19 is associated with poor metabolism of amitriptyline.,27997040
DB00321,effect,Cytochrome P450 2C19,CYP2C19,P33261,rs4986893,CYP2C19*3,636G>A,,The presence of this polymorphism in CYP2C19 is associated with reduced or poor metabolism of amitriptyline.,27997040
DB00321,effect,Cytochrome P450 2D6,CYP2D6,P10635,rs1135824,CYP2D6*3,G allele,,The presence of this polymorphism in CYP2D6 is associated with reduced or poor metabolism of amitriptyline.,
DB00321,effect,Cytochrome P450 2D6,CYP2D6,P10635,rs28371733,CYP2D6*4,3877G>A,,The presence of this polymorphism in CYP2D6 is associated with reduced or poor metabolism of amitriptyline.,
DB00334,effect,5-hydroxytryptamine receptor 1A,HTR1A,P08908,rs6295,,CC Allele (homozygous),,The presence of this polymorphism in HTR1A may indicate a higher level of efficacy in improving negative symptoms of schizophrenia when treated with olanzapine.,20533011
DB00335,effect,Beta-1 adrenergic receptor,ADRB1,P08588,rs1801253,,G > C,,Patients with this genotype have a greater reduction in blood pressure with atenolol.,22192668
DB00338,effect,Cytochrome P450 2C19,CYP2C19,P33261,rs4244285,CYP2C19*2,"A Allele, homozygote",,Patients with this genotype have reduced metabolism of omeprazole.,9867757
DB00338,effect,Cytochrome P450 2C19,CYP2C19,P33261,rs4986893,CYP2C19*3,"A Allele, homozygote",,Patients with this genotype have reduced metabolism of omeprazole.,9867757
DB00343,effect,Beta-1 adrenergic receptor,ADRB1,P08588,rs1801253,,C > G,,Patients with this genotype require a lower dosage of diltiazem to achieve a favourable rate-control response when treating atrial fibrillation.,22192668
DB00349,adverse_reaction,Cytochrome P450 2C19,CYP2C19,P33261,rs4244285,CYP2C19*2,,G > A/C,Patients with this genotype have reduced metabolism of clobazam.,15483195
DB00352,adverse_reaction,Thiopurine S-methyltransferase,TPMT,P51580,rs1800462,TPMT*2,,G Allele,The presence of this polymorphism in TPMT may be associated with an increased risk of developing rapid bone marrow suppression when treated with tioguanine.,21270794
DB00352,adverse_reaction,Thiopurine S-methyltransferase,TPMT,P51580,rs1800460,TPMT*3A,,A Allele,The presence of this polymorphism in TPMT may be associated with an increased risk of developing rapid bone marrow suppression when treated with tioguanine.,21270794
DB00352,adverse_reaction,Thiopurine S-methyltransferase,TPMT,P51580,rs1142345,TPMT*3C,,G Allele,The presence of this polymorphism in TPMT may be associated with an increased risk of developing rapid bone marrow suppression when treated with tioguanine.,21270794
DB00352,adverse_reaction,Thiopurine S-methyltransferase,TPMT,P51580,rs1800584,TPMT*4A,,G > A,The presence of this polymorphism in TPMT may be associated with an increased risk of developing rapid bone marrow suppression when treated with tioguanine.,21270794
DB00363,adverse_reaction,Guanine nucleotide-binding protein G(I)/G(S)/G(T) subunit beta-3,GNB3,P16520,rs5443,,,TT allele,Patients with this genotype have increased weight gain with clozapine.,16141801
DB00381,effect,Natriuretic peptides A,NPPA,P01160,rs5065,,AA allele,,Patients with this genotype have increased risk of adverse cardiovascular outcomes with diuretics.,18212314
DB00437,adverse_reaction,HLA class I histocompatibility antigen protein P5,HCP5,Q6MZN7,rs2395029,HLA-B*5801,,G allele,Patients who carry this allele are at a higher risk of experiencing severe cutaneous adverse reactions when treated with allopurinol.,23232549
DB00441,adverse_reaction,Ribonucleoside-diphosphate reductase large subunit,RRM1,P23921,rs9937,,,"A allele, homozygous",Patients with this genotype have increased risk of neutropenia and neurotoxicity with gemcitabine.,17602053
DB00448,effect,Cytochrome P450 2C19,CYP2C19,P33261,rs4244285,CYP2C19*2,"A Allele, homozygote",,Patients with this genotype have reduced metabolism of lansoprazole.,9867757
DB00448,effect,Cytochrome P450 2C19,CYP2C19,P33261,rs4986893,CYP2C19*3,"A Allele, homozygote",,Patients with this genotype have reduced metabolism of lansoprazole.,9867757
DB00448,effect,Multidrug resistance protein 1,ABCB1,P08183,rs1045642,,"C Allele,  heterozygote",,Patients with this genotype have increased plasma concentration of lansoprazole.,17190370
DB00458,effect,Cytochrome P450 2D6,CYP2D6,P10635,rs3892097,CYP2D6*4,A Allele,,Patients with this genotype have reduced metabolism of imipramine.,18070221
DB00458,effect,Cytochrome P450 2D6,CYP2D6,P10635,rs35742686,CYP2D6*3,2549delA,,The presence of this polymorphism in CYP2D6 is associated with poor metabolism of imipramine.,27997040
DB00458,effect,Cytochrome P450 2D6,CYP2D6,P10635,rs3892097,CYP2D6*4,A allele,,The presence of this polymorphism in CYP2D6 is associated with poor metabolism of imipramine.,27997040
DB00458,effect,Cytochrome P450 2D6,CYP2D6,P10635,,CYP2D6*5,Whole-gene deletion,,The presence of this polymorphism in CYP2D6 is associated with poor metabolism of imipramine.,27997040
DB00458,effect,Cytochrome P450 2D6,CYP2D6,P10635,rs5030655,CYP2D6*6,1707delT,,The presence of this polymorphism in CYP2D6 is associated with poor metabolism of imipramine.,27997040
DB00458,effect,Cytochrome P450 2C19,CYP2C19,P33261,rs4244285,CYP2C19*2,681G>A,,The presence of this polymorphism in CYP2C19 is associated with poor metabolism of imipramine.,27997040
DB00458,effect,Cytochrome P450 2C19,CYP2C19,P33261,rs4986893,CYP2C19*3,636G>A,,The presence of this polymorphism in CYP2C19 is associated with reduced or poor metabolism of imipramine.,27997040
DB00458,effect,Cytochrome P450 2D6,CYP2D6,P10635,rs1135824,CYP2D6*3,G allele,,The presence of this polymorphism in CYP2D6 is associated with poor metabolism of imipramine.,
DB00458,effect,Cytochrome P450 2D6,CYP2D6,P10635,rs28371733,CYP2D6*4,3877G>A,,The presence of this polymorphism in CYP2D6 is associated with poor metabolism of imipramine.,
DB00482,effect,Cytochrome P450 2C9,CYP2C9,P11712,rs1057910,CYP2C9*3,C Allele,,Patients with this genotype have reduced metabolism of celecoxib.,12893985
DB00514,effect,Cytochrome P450 2D6,CYP2D6,P10635,rs3892097,CYP2D6*4,"A Allele, homozygote",,Patients with this genotype have reduced metabolism of dextromethorphan.,10513455
DB00514,effect,Cytochrome P450 2D6,CYP2D6,P10635,rs5030655,CYP2D6*6,"T deletion, homozygote",,Patients with this genotype have reduced metabolism of dextromethorphan.,10513455
DB00515,adverse_reaction,Glutathione S-transferase Mu 1,GSTM1,P09488,,GSTM1,,presence of functional GSTM1,Patients with this genotype have increased risk of ototoxicity with [durg: cisplatin].,18162130
DB00515,adverse_reaction,Low-density lipoprotein receptor-related protein 2,LRP2,P98164,,,,,Patients with this genotype have increased risk of ototoxicity with [durg: cisplatin].,17457342
DB00515,adverse_reaction,Glutathione S-transferase P,GSTP1,P09211,,,,,Patients with this genotype have increased risk of ototoxicity with [durg: cisplatin].,18162130
DB00515,adverse_reaction,DNA repair protein complementing XP-C cells,XPC,Q01831,,,,,Patients with this genotype have increased risk of ototoxicity with [durg: cisplatin].,21047201
DB00530,effect,Epidermal growth factor receptor,EGFR,P00533,rs28929495,G719A/C,G > A or C or T,,The presence of this polymorphism in EGFR is associated with a higher response rate to erlotinib.,15118073
DB00530,effect,Epidermal growth factor receptor,EGFR,P00533,rs121913444,L861Q,T > A or G,,The presence of this polymorphism in EGFR is associated with a higher response rate to erlotinib.,15118073
DB00530,effect,Epidermal growth factor receptor,EGFR,P00533,rs121434568,L858R,T > G,,The presence of this polymorphism in EGFR is associated with a higher response rate to erlotinib.,15118073
DB00531,effect,Cytochrome P450 3A4,CYP3A4,P08684,rs2740574,CYP3A4*1B,G Allelle,,Patients with this genotype have reduced metabolism of cyclophosphamide to its active form and reduced disease free survival time when using cyclophosphamide to treat node-positive breast cancer.,20459744
DB00531,effect,Cytochrome P450 2B6,CYP2B6,P20813,rs4802101,CYP2B6*1G,C Allelle,,Patients with this genotype have reduced metabolism of cyclophosphamide to its active form.,17502835
DB00532,effect,Cytochrome P450 2C19,CYP2C19,P33261,rs4986893,CYP2C19*3,"A Allele, homozygote",,Patients with this genotype have reduced metabolism of mephenytoin.,7969038
DB00532,effect,Cytochrome P450 2C19,CYP2C19,P33261,rs41291556,CYP2C19*8,T > C,,Patients with this genotype have reduced metabolism of mephenytoin.,10411572
DB00532,effect,Cytochrome P450 2C19,CYP2C19,P33261,rs72558186,CYP2C19*7,T > A,,Patients with this genotype have reduced metabolism of mephenytoin.,10411572
DB00540,effect,Cytochrome P450 2D6,CYP2D6,P10635,rs3892097,CYP2D6*4,A Allele,,Patients with this genotype have reduced metabolism of nortriptyline.,18070221
DB00540,effect,Cytochrome P450 2D6,CYP2D6,P10635,rs35742686,CYP2D6*3,2549delA,,The presence of this polymorphism in CYP2D6 is associated with reduced or poor metabolism of nortriptyline.,27997040
DB00540,effect,Cytochrome P450 2D6,CYP2D6,P10635,rs3892097,CYP2D6*4,A allele,,The presence of this polymorphism in CYP2D6 is associated with reduced or poor metabolism of nortriptyline.,27997040
DB00540,effect,Cytochrome P450 2D6,CYP2D6,P10635,,CYP2D6*5,Whole-gene deletion,,The presence of this polymorphism in CYP2D6 is associated with reduced or poor metabolism of nortriptyline.,27997040
DB00540,effect,Cytochrome P450 2D6,CYP2D6,P10635,rs5030655,CYP2D6*6,1707delT,,The presence of this polymorphism in CYP2D6 is associated with reduced or poor metabolism of nortriptyline.,27997040
DB00540,effect,Cytochrome P450 2D6,CYP2D6,P10635,rs1135824,CYP2D6*3,G allele,,The presence of this polymorphism in CYP2D6 is associated with reduced or poor metabolism of nortriptyline.,
DB00540,effect,Cytochrome P450 2D6,CYP2D6,P10635,rs28371733,CYP2D6*4,3877G>A,,The presence of this polymorphism in CYP2D6 is associated with reduced or poor metabolism of nortriptyline.,
DB00544,adverse_reaction,Thymidylate synthase,TYMS,P04818,rs34743033,TSER*2,,(CCGCGCCACTTCGCCTGCCTCCGTCCCG)2/3/4,Patients with this genotype have increased risk of severe neutropenia or severe diarrhea with [drug; fluorouracil].,16818689
DB00544,adverse_reaction,Dihydropyrimidine dehydrogenase [NADP(+)],DPYD,Q12882,rs1801265,,,C allele,Patients with this genotype have reduced metabolism of fluorouracil and increased risk of toxicity.,17848752
DB00544,adverse_reaction,Glutathione S-transferase P,GSTP1,P09211,rs1695,,,A allele,Patients with this genotype have increased risk of toxicity with fluorouracil,18540691
DB00544,adverse_reaction,Dihydropyrimidine dehydrogenase [NADP(+)],DPYD,Q12882,rs3918290,,,A allele,Patients with this genotype have reduced metabolism of fluorouracil and increased risk of toxicity.,18299612
DB00544,adverse_reaction,Dihydropyrimidine dehydrogenase [NADP(+)],DPYD,Q12882,rs67376798,,,T > A,Patients with this genotype have reduced metabolism of fluorouracil and increased risk of toxicity.,23603345
DB00544,adverse_reaction,Dihydropyrimidine dehydrogenase [NADP(+)],DPYD,Q12882,rs3918290,DPYD*2A,,G > A,The presence of this genotype in DPYD is associated with an increased risk of drug-related toxicity from fluorouracil therapy.,23988873
DB00544,adverse_reaction,Dihydropyrimidine dehydrogenase [NADP(+)],DPYD,Q12882,rs55886062,DPYD*13,,A > C,The presence of this genotype in DPYD is associated with an increased risk of drug-related toxicity from fluorouracil therapy.,23988873
DB00544,adverse_reaction,Dihydropyrimidine dehydrogenase [NADP(+)],DPYD,Q12882,rs67376798,,,T > A,The presence of this genotype in DPYD is associated with an increased risk of drug-related toxicity from fluorouracil therapy.,23988873
DB00544,adverse_reaction,Dihydropyrimidine dehydrogenase [NADP(+)],DPYD,Q12882,rs1801158,DPYD*4,,G > A,The presence of this genotype in DPYD may be associated with an increased risk of drug-related toxicity from fluorouracil therapy.,23988873
DB00544,adverse_reaction,Dihydropyrimidine dehydrogenase [NADP(+)],DPYD,Q12882,rs1801159,DPYD*5,,A > G,The presence of this genotype in DPYD may be associated with an increased risk of drug-related toxicity from fluorouracil therapy.,23988873
DB00544,adverse_reaction,Dihydropyrimidine dehydrogenase [NADP(+)],DPYD,Q12882,rs1801160,DPYD*6,,G > A,The presence of this genotype in DPYD may be associated with an increased risk of drug-related toxicity from fluorouracil therapy.,23988873
DB00544,adverse_reaction,Dihydropyrimidine dehydrogenase [NADP(+)],DPYD,Q12882,rs1801265,DPYD*9A,,T > C,The presence of this genotype in DPYD may be associated with an increased risk of drug-related toxicity from fluorouracil therapy.,23988873
DB00563,adverse_reaction,Canalicular multispecific organic anion transporter 1,ABCC2,Q92887,,ABCC2 IVS 23+56,,T allele,Patients with this genotype have increased risk of toxicity with methotrexate.,18381794
DB00563,adverse_reaction,Methylenetetrahydrofolate reductase,MTHFR,P42898,rs1801133,,,T allele,Patients with this genotype have increased risk of toxicity with methotrexate.,17488658
DB00564,effect,Sodium channel protein type 1 subunit alpha,SCN1A,P35498,rs3812718,,IVS5N + 5 G>A,,Patients with this genotype have increased resistance to the anti-epileptic effects of carbamazepine.,24052718
DB00564,adverse_reaction,Heat shock 70 kDa protein 1-like,HSPA1L,P34931,rs2227956,,,T allele,Patients with this genotype have increased risk of cutaneous hypersensitivity reactions with carbamazepine.,16538175
DB00564,adverse_reaction,Heat shock 70 kDa protein 1A/1B,HSPA1A,P08107,rs506770,,,C allele,Patients with this genotype have increased risk of cutaneous hypersensitivity reactions with carbamazepine.,16538175
DB00564,adverse_reaction,"HLA class I histocompatibility antigen, B-15 alpha chain",HLA-B,P30464,rs3130690,,,T allele,Patients with this genotype have increased risk of cutaneous hypersensitivity reactions with carbamazepine.,16538176
DB00564,adverse_reaction,"HLA class I histocompatibility antigen, A-31 alpha chain",HLA-A,P16189,rs1264511,,,G allele,Patients with this genotype have increased risk of cutaneous hypersensitivity reactions with carbamazepine.,16538176
DB00564,adverse_reaction,Promotilin,MLN,P12872,rs2894342,,,A allele,Patients with this genotype have increased risk of cutaneous hypersensitivity reactions with carbamazepine.,16538176
DB00564,adverse_reaction,Flotillin-1,FLOT1,O75955,rs3909184,HLA-B*1502,,G > C,"Taiwanese, Chinese, Indians, and Chinese–American patients with this genotype have increased risk of Stevens-Johnson syndrome or toxic epidermal necrolysis with carbamazepine.",15057820
DB00564,adverse_reaction,Mucin-21,MUC21,Q5SSG8,rs2844682,HLA-B*1502,,G>A,"Taiwanese, Chinese, Indians, and Chinese–American patients with this genotype have increased risk of Stevens-Johnson syndrome or toxic epidermal necrolysis with carbamazepine.",15057820
DB00564,adverse_reaction,"HLA class I histocompatibility antigen, B-15 alpha chain",HLA-B,P30464,,HLA-B*15:02,,HLA-B*15,Patients who carry this allele may be at an increased risk of Stevens-Johnson Syndrome and toxic epidermal necrolysis when treated with carbamazepine.,23695185
DB00564,adverse_reaction,"HLA class I histocompatibility antigen, A-3 alpha chain",HLA-A,P04439,rs1061235,HLA-A*3101,,A > T,Patients who carry this genotype in HLA-A are at a higher risk of experiencing a hypersensitivity reaction to carbamazepine.,21428769
DB00582,effect,Cytochrome P450 2C19,CYP2C19,P33261,rs12248560,CYPC19*17,C > T,,Patients with this genotype in CYP2C19 are ultra fast metabolizers and require higer doses of voriconazole to attain the therapeutic effect.,27981572
DB00582,effect,Cytochrome P450 2C19,CYP2C19,P33261,rs4244285,CYP2C19*2,681G>A,,The presence of this polymorphism in CYP2C19 is associated with poor metabolism of voriconazole.,27981572
DB00582,effect,Cytochrome P450 2C19,CYP2C19,P33261,rs4986893,CYP2C19*3,636G>A,,The presence of this polymorphism in CYP2C19 is associated with reduced or poor metabolism of voriconazole.,27981572
DB00625,effect,Cytochrome P450 2B6,CYP2B6,P20813,rs3745274,CYP2B6*6,G > T,,The presence of this polymorphism in CYP2B6 is associated with reduction in efavirenz metabolism.,
DB00641,effect,Kinesin-like protein KIF6,KIF6,Q6ZMV9,rs20455,,C Allele,,Patients with this genotype have a greater reduction in risk of a major cardiovascular event with high dose simvastatin.,18222353
DB00641,effect,3-hydroxy-3-methylglutaryl-coenzyme A reductase,HMGCR,P04035,rs17244841,,T Allele,,Patients with this genotype have a lesser reduction in LDL cholesterol with simvastatin.,15199031
DB00641,adverse_reaction,Solute carrier organic anion transporter family member 1B1,SLCO1B1,Q9Y6L6,rs4149056,SLCO1B1*5,,T > C,The presence of this genotype in SLCO1B1 is associated with an increased risk of myopathy when treated with simvastatin.,24918167
DB00661,effect,Beta-1 adrenergic receptor,ADRB1,P08588,rs1801253,,G > C,,Patients with this genotype require a lower dosage of verapamil to achieve a favourable rate-control response when treating atrial fibrillation.,22192668
DB00669,effect,Guanine nucleotide-binding protein G(I)/G(S)/G(T) subunit beta-3,GNB3,P16520,rs5443,,T Allele,,Patients with this genotype have an increased likelihood of responding to sumatriptan when treating (condition: cluster headache).,17361120
DB00675,effect,Cytochrome P450 2D6,CYP2D6,P10635,rs3892097,CYP2D6*4,"A Allele, homozygote",,Patients with this genotype have reduced metabolism of tamoxifen resulting in reduced plasma concentrations its active form endoxifen.,17115111
DB00675,adverse_reaction,Coagulation factor V,F5,P12259,rs6025,,,A allele,Patients with this genotype have increased risk of a thromboembolic event with tamoxifen.,20554945
DB00682,effect,Cytochrome P450 2C9,CYP2C9,P11712,rs1799853,CYP2C9*2,T Allele,,Patients with this genotype have reduced metabolism of warfarin.,15608560
DB00682,effect,Vitamin K epoxide reductase complex subunit 1,VKORC1,Q9BQB6,rs9923231,,-1639G>A,,Patients with this genotype in VKORC1 are associated with reduced metabolism of warfarin and increased risk of serious bleeding thus require lower doses.,28198005
DB00682,effect,Phylloquinone omega-hydroxylase CYP4F2,CYP4F2,P78329,rs2108622,,"T Allele, homozygous",,Patients with this genotype in CP4F2 may require higer doses of warfarin to attain therapeutic anticoagulant activity.,28198005
DB00682,effect,Cytochrome P450 2C9,CYP2C9,P11712,rs1799853,CYP2C9*2,T Allele,,The presence of this polymorphism in CYP2C9 is associated with reduction in warfarin metabolism.,28198005
DB00682,effect,Cytochrome P450 2C9,CYP2C9,P11712,rs1057910,CYP2C9*3,C Allele,,The presence of this polymorphism in CYP2C9 is associated with reduction in warfarin metabolism.,28198005
DB00694,adverse_reaction,Cytochrome P450 1B1,CYP1B1,Q16678,rs10932125,,,G allele,The presence of this genotype in CYP1B1 may be associated with an increased risk of drug-induced cytotoxicity from daunorubicin therapy.,18451141
DB00694,adverse_reaction,Heterogeneous nuclear ribonucleoprotein D0,HNRNPD,Q14103,rs3750518,,,A allele,The presence of this genotype in HNRNPD may be associated with an increased risk of drug-induced cytotoxicity from daunorubicin therapy.,18451141
DB00694,adverse_reaction,SEC14-like protein 3,SEC14L3,Q9UDX4,rs6603859,,,T allele,The presence of this genotype in SEC14L3 may be associated with an increased risk of drug-induced cytotoxicity from daunorubicin therapy.,18451141
DB00694,adverse_reaction,Inhibitor of nuclear factor kappa-B kinase subunit epsilon,IKBKE,Q14164,rs7929521,,,A allele,The presence of this genotype in IKBKE may be associated with an increased risk of drug-induced cytotoxicity from daunorubicin therapy.,18451141
DB00694,adverse_reaction,Retinoic acid receptor gamma,RARG,P13631,rs2229774,,,C>T,Pediatric patients who carry this genotype may be at a higher risk of experiencing anthracycline-induced cardiotoxicity when treated with daunorubicin.,27197003
DB00694,adverse_reaction,Solute carrier family 28 member 3,SLC28A3,Q9HAS3,rs7853758,,,G > A,Pediatric patients who carry this genotype may be at a higher risk of experiencing anthracycline-induced cardiotoxicity when treated with daunorubicin.,27197003
DB00694,adverse_reaction,UDP-glucuronosyltransferase 1-6,UGT1A6,P19224,rs17863783,UGT1A6*4,,G > T,Pediatric patients who carry this genotype may be at a higher risk of experiencing anthracycline-induced cardiotoxicity when treated with daunorubicin.,27197003
DB00704,effect,Mu-type opioid receptor,OPRM1,P35372,rs1799971,,A > G,,Patients with this genotype have an increased number of abstinent days when using naltrexone to treat alcohol addiction.,18250251
DB00715,effect,Multidrug resistance protein 1,ABCB1,P08183,rs2032583,,C Allele,,Patients with this genotype have an increased likelihood of remission when using paroxetine to treat major depressive disorder.,17913323
DB00715,effect,Cytochrome P450 2D6,CYP2D6,P10635,rs35742686,CYP2D6*3,2549delA,,The presence of this polymorphism in CYP2D6 is associated with reduced or poor metabolism of paroxetine.,25974703
DB00715,effect,Cytochrome P450 2D6,CYP2D6,P10635,rs3892097,CYP2D6*4,A allele,,The presence of this polymorphism in CYP2D6 is associated with reduced or poor metabolism of paroxetine.,25974703
DB00715,effect,Cytochrome P450 2D6,CYP2D6,P10635,,CYP2D6*5,Whole-gene deletion,,The presence of this polymorphism in CYP2D6 is associated with reduced or poor metabolism of paroxetine.,25974703
DB00715,effect,Cytochrome P450 2D6,CYP2D6,P10635,rs5030655,CYP2D6*6,1707delT,,The presence of this polymorphism in CYP2D6 is associated with reduced or poor metabolism of paroxetine.,25974703
DB00715,effect,Cytochrome P450 2D6,CYP2D6,P10635,rs1135824,CYP2D6*3,G allele,,The presence of this polymorphism in CYP2D6 is associated with reduced or poor metabolism of paroxetine.,
DB00715,effect,Cytochrome P450 2D6,CYP2D6,P10635,rs28371733,CYP2D6*4,3877G>A,,The presence of this polymorphism in CYP2D6 is associated with reduced or poor metabolism of paroxetine.,
DB00726,effect,Cytochrome P450 2D6,CYP2D6,P10635,rs35742686,CYP2D6*3,2549delA,,The presence of this polymorphism in CYP2D6 is associated with poor metabolism of trimipramine.,27997040
DB00726,effect,Cytochrome P450 2D6,CYP2D6,P10635,rs3892097,CYP2D6*4,A allele,,The presence of this polymorphism in CYP2D6 is associated with poor metabolism of trimipramine.,27997040
DB00726,effect,Cytochrome P450 2D6,CYP2D6,P10635,,CYP2D6*5,Whole-gene deletion,,The presence of this polymorphism in CYP2D6 is associated with poor metabolism of trimipramine.,27997040
DB00726,effect,Cytochrome P450 2D6,CYP2D6,P10635,rs5030655,CYP2D6*6,1707delT,,The presence of this polymorphism in CYP2D6 is associated with poor metabolism of trimipramine.,27997040
DB00726,effect,Cytochrome P450 2C19,CYP2C19,P33261,rs4244285,CYP2C19*2,681G>A,,The presence of this polymorphism in CYP2C19 is associated with poor metabolism of trimipramine.,27997040
DB00726,effect,Cytochrome P450 2C19,CYP2C19,P33261,rs4986893,CYP2C19*3,636G>A,,The presence of this polymorphism in CYP2C19 is associated with reduced or poor metabolism of trimipramine.,27997040
DB00726,effect,Cytochrome P450 2D6,CYP2D6,P10635,rs1135824,CYP2D6*3,G allele,,The presence of this polymorphism in CYP2D6 is associated with poor metabolism of trimipramine.,
DB00726,effect,Cytochrome P450 2D6,CYP2D6,P10635,rs28371733,CYP2D6*4,3877G>A,,The presence of this polymorphism in CYP2D6 is associated with poor metabolism of trimipramine.,
DB00736,effect,Cytochrome P450 2C19,CYP2C19,P33261,rs4244285,CYP2C19*2,"A Allele, homozygote",,Patients with this genotype have reduced metabolism of esomeprazole.,9867757
DB00736,effect,Cytochrome P450 2C19,CYP2C19,P33261,rs4986893,CYP2C19*3,"A Allele, homozygote",,Patients with this genotype have reduced metabolism of esomeprazole.,9867757
DB00745,effect,Catechol O-methyltransferase,COMT,P21964,rs4680,,AA allele,,Patients with this genotype have reduced improvement in vigor and well-being with modafinil.,19037200
DB00745,effect,Catechol O-methyltransferase,COMT,P21964,rs4680,,GG allele,,Patients with this genotype have increased improvement in vigor and well-being with modafinil.,19037200
DB00758,effect,Cytochrome P450 2C9,CYP2C9,P11712,rs1057910,CYP2C9*3,C Allele,,Patients with this genotype have reduced metabolism of clopidogrel resulting in reduced plasma concentrations of its active metabolite.,17900275
DB00758,effect,Cytochrome P450 2C19,CYP2C19,P33261,rs4244285,CYP2C19*2,G > A,,Patients with this genotype have reduced metabolism of clopidogrel resulting in reduced plasma concentrations of its active metabolite.,8195181
DB00758,effect,Cytochrome P450 2C19,CYP2C19,P33261,rs4986893,CYP2C19*3,636G>A,,The presence of this polymorphism in CYP2C19 is associated with reduced or poor metabolism of clopidogrel.,23698643
DB00758,adverse_reaction,Cytochrome P450 2C19,CYP2C19,P33261,rs4244285,CYP2C19*2,,681G>A,Patients with this polymorphism in CYP2C19 are poor metabolizers of clopidogrel and are associated with diminished platelet response and increased risk of adverse cardiovascular events in response to clopidogrel therapy.,23698643
DB00762,effect,Solute carrier organic anion transporter family member 1B1,SLCO1B1,Q9Y6L6,rs4149056,SLCO1B1*15,C Allele,,Patients with this genotype have reduced transport of the active metabolite of irinotecan resulting in increased plasma concentrations.,17898662
DB00762,adverse_reaction,UDP-glucuronosyltransferase 1-1,UGT1A1,P22309,rs8175347,UGT1A1*28 or UGT1A 7/7,,extra TA in promoter,The presence of this genotype in UGT1A1 may indicate an increased risk of bone marrow toxicity when treated with irinotecan.,17681105
DB00762,adverse_reaction,UDP-glucuronosyltransferase 1-7,UGT1A7,Q9HAW7,rs17868323,UGT1A7*2/*2,,G allele,The presence of this genotype in UGT1A1 may indicate an increased risk of bone marrow toxicity when treated with irinotecan.,18349289
DB00762,adverse_reaction,UDP-glucuronosyltransferase 1-1,UGT1A1,P22309,rs10929302,UGT1A1*93,,A Allele,The presence of this genotype in UGT1A1 may indicate an increased risk of bone marrow toxicity when treated with irinotecan.,17510208
DB00762,adverse_reaction,UDP-glucuronosyltransferase 1-1,UGT1A1,P22309,rs8175347,UGT1A1*28,,"extra TA in promoter, homozygous",Patients who carry this genotype in UGT1A1 are at increased risk for neutropenia following initiation of irinotecan treatment.,26313268
DB00776,adverse_reaction,"HLA class I histocompatibility antigen, B-15 alpha chain",HLA-B,P30464,,HLA-B*15:02,,HLA-B*15,Patients who carry this allele may be at an increased risk of Stevens-Johnson Syndrome and toxic epidermal necrolysis when treated with oxcarbazepine.,
DB00811,effect,Interferon lambda-3,IFNL3,Q8IZI9,rs12979860,,C > T,,Patients with this genotype in IFNL3 have a reduced likelihood of achieving sustained virologic response to ribavirin therapy.,24096968
DB00843,effect,Cytochrome P450 2D6,CYP2D6,P10635,rs1080985,CYP2D6*2A,C > G,,Patients with this genotype are have a decreased likelihood of responding to donepezil when treating Alzheimer's disease.,22465999
DB00864,effect,Cytochrome P450 3A5,CYP3A5,P20815,,CYP3A5*1,Functional gene,,Patients with this genotype in CYP3A5 are extensive metabolizers and require higer doses of tacrolimus to attain the therapeutic effect.,25801146
DB00864,adverse_reaction,Multidrug resistance protein 1,ABCB1,P08183,rs2032582,,,T Allele (G2677T),The presence of this genotype in ABCB1 may indicate an increased risk of drug-induced neurotoxicity when treated with tacrolimus.,12352921
DB00904,effect,Cytochrome P450 2D6,CYP2D6,P10635,,"CYP2D6*1xN,",Gene duplication.,,Patients with this genotype in CYP2D6 are ultrarapid metabolizers with an increased risk of poor therapeutic response and vomiting when treated with ondansteron.,28002639
DB00904,effect,Cytochrome P450 2D6,CYP2D6,P10635,,CYP2D6*2xN,Gene duplication.,,Patients with this genotype in CYP2D6 are ultrarapid metabolizers with an increased risk of poor therapeutic response and vomiting when treated with ondansteron.,28002639
DB00918,effect,Guanine nucleotide-binding protein G(I)/G(S)/G(T) subunit beta-3,GNB3,P16520,rs5443,,T Allele,,Patients with this genotype have an increased likelihood of responding to almotriptan when treating cluster headache.,17361120
DB00945,effect,Cytochrome P450 2C9,CYP2C9,P11712,rs1057910,CYP2C9*3,C Allele,,Patients with this genotype have reduced metabolism of acetylsalicylic acid.,12893985
DB00945,effect,Integrin beta-3,ITGB3,P05106,rs5918,GPIIIa PlA2,T > C,,Patients with this genotype have increased resistance to the anti-thrombotic effects of aspirin.,11723016
DB00945,adverse_reaction,Leukotriene C4 synthase,LTC4S,Q16873,rs730012,,,C allele,The presence of this genotype in LTC4S may indicate an increased risk of chronic urticaria when treated with acetylsalicylic acid.,16433794
DB00946,adverse_reaction,Cytochrome P450 2C9,CYP2C9,P11712,rs1799853,CYP2C9*2,,T Allele,The presence of this polymorphism in CYP2C9 is associated with reduction in phenprocoumon metabolism.,17192772
DB00946,adverse_reaction,Cytochrome P450 2C9,CYP2C9,P11712,rs1057910,CYP2C9*3,,C Allele,The presence of this polymorphism in CYP2C9 is associated with reduction in phenprocoumon metabolism.,17192772
DB00946,adverse_reaction,Vitamin K epoxide reductase complex subunit 1,VKORC1,Q9BQB6,rs9934438,,,G > A,The presence of this polymorphism in VKORC1 is associated with reduction in phenprocoumon metabolism.,17192772
DB00951,adverse_reaction,Cytochrome P450 2E1,CYP2E1,P05181,,CYP2E1*4,,,The presence of this genotype in CYP2E1 may be associated with an increased risk of drug-induced hepatotoxicity from isoniazid treatment.,16770646
DB00952,effect,Guanine nucleotide-binding protein G(I)/G(S)/G(T) subunit beta-3,GNB3,P16520,rs5443,,T Allele,,Patients with this genotype have an increased likelihood of responding to naratriptan when treating (condition: cluster headache).,17361120
DB00953,effect,Guanine nucleotide-binding protein G(I)/G(S)/G(T) subunit beta-3,GNB3,P16520,rs5443,,T Allele,,Patients with this genotype have an increased likelihood of responding to rizatriptan when treating (condition: cluster headache).,17361120
DB00993,adverse_reaction,Thiopurine S-methyltransferase,TPMT,P51580,rs1800462,TPMT*2,,G Allele,Patients with this genotype have reduced metabolism of azathioprine resulting in increased toxicity.,16509759
DB00993,adverse_reaction,Thiopurine S-methyltransferase,TPMT,P51580,rs1800460,TPMT*3A,,A Allele,Patients with this genotype have reduced metabolism of azathioprine resulting in increased toxicity.,16509759
DB00993,adverse_reaction,Thiopurine S-methyltransferase,TPMT,P51580,rs1142345,TPMT*3C,,G Allele,Patients with this genotype have reduced metabolism of azathioprine resulting in increased toxicity.,16509759
DB00997,adverse_reaction,Retinoic acid receptor gamma,RARG,P13631,rs2229774,,,C>T,Pediatric patients who carry this genotype may be at a higher risk of experiencing anthracycline-induced cardiotoxicity when treated with doxorubicin.,27197003
DB00997,adverse_reaction,Solute carrier family 28 member 3,SLC28A3,Q9HAS3,rs7853758,,,G > A,Pediatric patients who carry this genotype may be at a higher risk of experiencing anthracycline-induced cardiotoxicity when treated with doxorubicin.,27197003
DB00997,adverse_reaction,UDP-glucuronosyltransferase 1-6,UGT1A6,P19224,rs17863783,UGT1A6*4,,G > T,Pediatric patients who carry this genotype may be at a higher risk of experiencing anthracycline-induced cardiotoxicity when treated with doxorubicin.,27197003
DB00998,effect,Guanine nucleotide-binding protein G(I)/G(S)/G(T) subunit beta-3,GNB3,P16520,rs5443,,T Allele,,Patients with this genotype have an increased likelihood of responding to frovatriptan when treating (condition: cluster headache).,17361120
DB01033,adverse_reaction,Thiopurine S-methyltransferase,TPMT,P51580,rs1800462,TPMT*2,,G Allele,Patients with this genotype have reduced metabolism of mercaptopurine resulting in increased toxicity.,16509759
DB01033,adverse_reaction,Thiopurine S-methyltransferase,TPMT,P51580,rs1800460,TPMT*3A,,A Allele,Patients with this genotype have reduced metabolism of mercaptopurine resulting in increased toxicity.,16509759
DB01033,adverse_reaction,Thiopurine S-methyltransferase,TPMT,P51580,rs1142345,TPMT*3C,,G Allele,Patients with this genotype have reduced metabolism of mercaptopurine resulting in increased toxicity.,16509759
DB01048,adverse_reaction,HLA class I histocompatibility antigen protein P5,HCP5,Q6MZN7,rs2395029,HLA-B*5701,,G allele,Patients who carry this SNP are at a higher risk of experiencing a hypersensitivity reaction to abacavir.,18684101
DB01067,effect,Cytochrome P450 2C9,CYP2C9,P11712,rs1057910,CYP2C9*3,C Allele,,Patients with this genotype have reduced metabolism of glipizide.,10208645
DB01072,adverse_reaction,UDP-glucuronosyltransferase 1-1,UGT1A1,P22309,rs3064744,UGT1A1*28,,TA pair insertion,The presence of this genotype in UGT1A1 may indicate an increased risk of hyperbilirubinemia from atazanavir treatment.,26417955
DB01072,adverse_reaction,UDP-glucuronosyltransferase 1-1,UGT1A1,P22309,rs8175347,UGT1A1*37,,TA pair insertion,The presence of this genotype in UGT1A1 may indicate an increased risk of hyperbilirubinemia from atazanavir treatment.,26417955
DB01072,adverse_reaction,UDP-glucuronosyltransferase 1-1,UGT1A1,P22309,rs887829,UGT1A1*80,,"G > A, homozygous",The presence of this genotype in UGT1A1 may indicate an increased risk of hyperbilirubinemia from atazanavir treatment.,26417955
DB01076,effect,Kinesin-like protein KIF6,KIF6,Q6ZMV9,rs20455,,C Allele,,Patients with this genotype have a greater reduction in risk of a major cardiovascular event with high dose atorvastatin.,18222353
DB01076,effect,3-hydroxy-3-methylglutaryl-coenzyme A reductase,HMGCR,P04035,rs17244841,,T Allele,,Patients with this genotype have a lesser reduction in LDL cholesterol with atorvastatin.,15199031
DB01076,effect,Cytochrome P450 3A4,CYP3A4,P08684,rs2740574,CYP3A4*1B,A > G,,Patients with this genotype have an greater reduction in LDL cholesterol with atorvastatin.,22120734
DB01097,adverse_reaction,Cytochrome P450 1A2,CYP1A2,P05177,rs762551,,,C allele,The presence of this genotype in CYP1A2 may be associated with an increased risk of drug-related toxicity from leflunomide therapy.,18496682
DB01098,effect,Kinesin-like protein KIF6,KIF6,Q6ZMV9,rs20455,,C Allele,,Patients with this genotype have a greater reduction in risk of a major cardiovascular event with high dose rosuvastatin.,18222353
DB01098,effect,3-hydroxy-3-methylglutaryl-coenzyme A reductase,HMGCR,P04035,rs17244841,,T Allele,,Patients with this genotype have a lesser reduction in LDL cholesterol with rosuvastatin.,15199031
DB01098,effect,ATP-binding cassette sub-family G member 2,ABCG2,Q9UNQ0,rs2231142,,G > T,,Patients with this genotype have a greater reduction in LDL cholesterol with rosuvastatin.,20130569
DB01101,adverse_reaction,Dihydropyrimidine dehydrogenase [NADP(+)],DPYD,Q12882,rs3918290,DPYD*2A,,G > A,The presence of this genotype in DPYD is associated with an increased risk of drug-related toxicity from capecitabine therapy.,23988873
DB01101,adverse_reaction,Dihydropyrimidine dehydrogenase [NADP(+)],DPYD,Q12882,rs55886062,DPYD*13,,A > C,The presence of this genotype in DPYD is associated with an increased risk of drug-related toxicity from capecitabine therapy.,23988873
DB01101,adverse_reaction,Dihydropyrimidine dehydrogenase [NADP(+)],DPYD,Q12882,rs67376798,,,T > A,The presence of this genotype in DPYD may be associated with an increased risk of drug-related toxicity from capecitabine therapy.,23988873
DB01101,adverse_reaction,Dihydropyrimidine dehydrogenase [NADP(+)],DPYD,Q12882,rs1801158,DPYD*4,,G > A,The presence of this genotype in DPYD may be associated with an increased risk of drug-related toxicity from capecitabine therapy.,23988873
DB01101,adverse_reaction,Dihydropyrimidine dehydrogenase [NADP(+)],DPYD,Q12882,rs1801159,DPYD*5,,A > G,The presence of this genotype in DPYD may be associated with an increased risk of drug-related toxicity from capecitabine therapy.,23988873
DB01101,adverse_reaction,Dihydropyrimidine dehydrogenase [NADP(+)],DPYD,Q12882,rs1801160,DPYD*6,,G > A,The presence of this genotype in DPYD may be associated with an increased risk of drug-related toxicity from capecitabine therapy.,23988873
DB01101,adverse_reaction,Dihydropyrimidine dehydrogenase [NADP(+)],DPYD,Q12882,rs1801265,DPYD*9A,,T > C,The presence of this genotype in DPYD may be associated with an increased risk of drug-related toxicity from capecitabine therapy.,23988873
DB01104,effect,Cytochrome P450 2C19,CYP2C19,P33261,rs4244285,CYP2C19*2,681G>A,,The presence of this polymorphism in CYP2C19 is associated with poor metabolism of sertraline.,25974703
DB01104,effect,Cytochrome P450 2C19,CYP2C19,P33261,rs4986893,CYP2C19*3,636G>A,,The presence of this polymorphism in CYP2C19 is associated with reduced or poor metabolism of sertraline.,25974703
DB01105,effect,Guanine nucleotide-binding protein G(I)/G(S)/G(T) subunit beta-3,GNB3,P16520,rs5443,,C > T,,Patients with this genotype will lose weight with sibutramine.,19687782
DB01118,adverse_reaction,Potassium voltage-gated channel subfamily H member 2,KCNH2,Q12809,,MiRP1,,KCNE2,The presence of polymorphisms in KCNH2 and KCNE2 may potentially be associated with increased susceptibility to long Q-T syndrome or cardiac arrhytmia when treated with amiodarone.,10219239
DB01120,effect,Cytochrome P450 2C19,CYP2C19,P33261,rs4244285,CYP2C19*2,681G>A,,The presence of this polymorphism in CYP2C19 is associated with reduction in gliclazide metabolism.,17298483
DB01120,effect,Cytochrome P450 2C19,CYP2C19,P33261,rs4986893,CYP2C19*3,636G>A,,The presence of this polymorphism in CYP2C19 is associated with reduction in gliclazide metabolism.,17298483
DB01124,effect,Cytochrome P450 2C9,CYP2C9,P11712,rs1057910,CYP2C9*3,C Allele,,Patients with this genotype have reduced metabolism of tolbutamide.,8873220
DB01131,effect,Cytochrome P450 2C19,CYP2C19,P33261,rs4244285,CYP2C19*2,"A Allele, homozygote",,Patients with this genotype have reduced metabolism of proguanil.,13680037
DB01131,effect,Cytochrome P450 2C19,CYP2C19,P33261,rs4986893,CYP2C19*3,"A Allele, homozygote",,Patients with this genotype have reduced metabolism of proguanil.,13680037
DB01136,effect,Beta-1 adrenergic receptor,ADRB1,P08588,rs1801253,,"C Allele, homozygous",,Patients with this genotype in ADRB1 have an increased likelihood of responding to carvedilol for the treatment of increased blood pressure.,12844134
DB01142,effect,Cytochrome P450 2D6,CYP2D6,P10635,rs35742686,CYP2D6*3,2549delA,,The presence of this polymorphism in CYP2D6 is associated with reduced or poor metabolism of doxepin.,27997040
DB01142,effect,Cytochrome P450 2D6,CYP2D6,P10635,rs3892097,CYP2D6*4,A allele,,The presence of this polymorphism in CYP2D6 is associated with reduced or poor metabolism of doxepin.,27997040
DB01142,effect,Cytochrome P450 2D6,CYP2D6,P10635,,CYP2D6*5,Whole-gene deletion,,The presence of this polymorphism in CYP2D6 is associated with reduced or poor metabolism of doxepin.,27997040
DB01142,effect,Cytochrome P450 2D6,CYP2D6,P10635,rs5030655,CYP2D6*6,1707delT,,The presence of this polymorphism in CYP2D6 is associated with reduced or poor metabolism of doxepin.,27997040
DB01142,effect,Cytochrome P450 2C19,CYP2C19,P33261,rs4244285,CYP2C19*2,681G>A,,The presence of this polymorphism in CYP2C19 is associated with poor metabolism of doxepin.,27997040
DB01142,effect,Cytochrome P450 2C19,CYP2C19,P33261,rs4986893,CYP2C19*3,636G>A,,The presence of this polymorphism in CYP2C19 is associated with reduced or poor metabolism of doxepin.,27997040
DB01142,effect,Cytochrome P450 2D6,CYP2D6,P10635,rs1135824,CYP2D6*3,G allele,,The presence of this polymorphism in CYP2D6 is associated with reduced or poor metabolism of doxepin.,
DB01142,effect,Cytochrome P450 2D6,CYP2D6,P10635,rs28371733,CYP2D6*4,3877G>A,,The presence of this polymorphism in CYP2D6 is associated with reduced or poor metabolism of doxepin.,
DB01151,effect,Cytochrome P450 2D6,CYP2D6,P10635,rs3892097,CYP2D6*4,A Allele,,Patients with this genotype have reduced metabolism of desipramine.,18070221
DB01151,effect,Cytochrome P450 2D6,CYP2D6,P10635,rs35742686,CYP2D6*3,2549delA,,The presence of this polymorphism in CYP2D6 is associated with reduced or poor metabolism of desipramine.,27997040
DB01151,effect,Cytochrome P450 2D6,CYP2D6,P10635,rs3892097,CYP2D6*4,A allele,,The presence of this polymorphism in CYP2D6 is associated with reduced or poor metabolism of desipramine.,27997040
DB01151,effect,Cytochrome P450 2D6,CYP2D6,P10635,,CYP2D6*5,Whole-gene deletion,,The presence of this polymorphism in CYP2D6 is associated with reduced or poor metabolism of desipramine.,27997040
DB01151,effect,Cytochrome P450 2D6,CYP2D6,P10635,rs5030655,CYP2D6*6,1707delT,,The presence of this polymorphism in CYP2D6 is associated with reduced or poor metabolism of desipramine.,27997040
DB01151,effect,Cytochrome P450 2D6,CYP2D6,P10635,rs1135824,CYP2D6*3,G allele,,The presence of this polymorphism in CYP2D6 is associated with reduced or poor metabolism of desipramine.,
DB01151,effect,Cytochrome P450 2D6,CYP2D6,P10635,rs28371733,CYP2D6*4,3877G>A,,The presence of this polymorphism in CYP2D6 is associated with reduced or poor metabolism of desipramine.,
DB01156,effect,D(2) dopamine receptor,DRD2,P14416,rs1800497,,"C Allele, homozygous",,The presence of this genotype in DRD2 is associated with improved therapeutic response to bupropion.,18058343
DB01175,effect,Cytochrome P450 2C19,CYP2C19,P33261,rs4244285,CYP2C19*2,681G>A,,The presence of this polymorphism in CYP2C19 is associated with poor metabolism of escitalopram.,25974703
DB01175,effect,Cytochrome P450 2C19,CYP2C19,P33261,rs4986893,CYP2C19*3,636G>A,,The presence of this polymorphism in CYP2C19 is associated with reduced or poor metabolism of escitalopram.,25974703
DB01175,adverse_reaction,Sodium-dependent serotonin transporter,SLC6A4,P31645,rs25531,,,A allele,The presence of this polymorphism in SLC6A4 may potentially be associated with increased risk of adverse events from escitalopram.,19272758
DB01222,effect,T-box transcription factor TBX21,TBX21,Q9UL17,rs2240017,,CG allele (heterozygotes),,The presence of this polymorphism in TBX21 may be associated with improved responsiveness to budenoside for the treatment of asthma.,15604153
DB01233,effect,Potassium voltage-gated channel subfamily H member 2,KCNH2,Q12809,rs1805123,,A > C,,The presence of this polymorphism in KCNH2 may be associated with increased clinical efficacy with metoclopramide.,22688145
DB01233,effect,Alpha-1D adrenergic receptor,ADRA1D,P25100,rs2236554,,A > T,,The presence of this polymorphism in ADRA1D may be associated with increased clinical efficacy with metoclopramide.,22688145
DB01233,effect,Cytochrome P450 2D6,CYP2D6,P10635,rs3892097,CYP2D6*4,G > A,,Patients with this genotype have reduced metabolism of metoclopramide.,22688145
DB01233,effect,Multidrug resistance protein 1,ABCB1,P08183,rs1045642,,T Allele,,Patients with this polymorphism in ABCB1 may have a reduced response to clomipramine.,21840870
DB01233,adverse_reaction,Cytochrome P450 2D6,CYP2D6,P10635,rs1080985,CYP2D6*2A,,C > G,Patients with this genotype have reduced metabolism of metoclopramide and may be at a higher risk of experiencing adverse events.,22688145
DB01233,adverse_reaction,Cytochrome P450 2D6,CYP2D6,P10635,rs16947,CYP2D6*2,,G > A,Patients with this genotype have reduced metabolism of metoclopramide and may be at a higher risk of experiencing adverse events.,22688145
DB01233,adverse_reaction,Potassium voltage-gated channel subfamily H member 2,KCNH2,Q12809,rs3815459,,,G > A,The presence of this polymorphism in KCNH2 is associated with higher incidences of adverse events from metoclopramide treatment.,22688145
DB01242,effect,Cytochrome P450 2D6,CYP2D6,P10635,rs3892097,CYP2D6*4,A Allele,,Patients with this genotype have reduced metabolism of clomipramine.,18070221
DB01242,effect,Cytochrome P450 2D6,CYP2D6,P10635,rs35742686,CYP2D6*3,2549delA,,The presence of this polymorphism in CYP2D6 is associated with reduced or poor metabolism of clomipramine.,27997040
DB01242,effect,Cytochrome P450 2D6,CYP2D6,P10635,rs3892097,CYP2D6*4,A allele,,The presence of this polymorphism in CYP2D6 is associated with reduced or poor metabolism of clomipramine.,27997040
DB01242,effect,Cytochrome P450 2D6,CYP2D6,P10635,,CYP2D6*5,Whole-gene deletion,,The presence of this polymorphism in CYP2D6 is associated with reduced or poor metabolism of clomipramine.,27997040
DB01242,effect,Cytochrome P450 2D6,CYP2D6,P10635,rs5030655,CYP2D6*6,1707delT,,The presence of this polymorphism in CYP2D6 is associated with reduced or poor metabolism of clomipramine.,27997040
DB01242,effect,Cytochrome P450 2C19,CYP2C19,P33261,rs4244285,CYP2C19*2,681G>A,,The presence of this polymorphism in CYP2C19 is associated with poor metabolism of clomipramine.,27997040
DB01242,effect,Cytochrome P450 2C19,CYP2C19,P33261,rs4986893,CYP2C19*3,636G>A,,The presence of this polymorphism in CYP2C19 is associated with reduced or poor metabolism of clomipramine.,27997040
DB01242,effect,Cytochrome P450 2D6,CYP2D6,P10635,rs1135824,CYP2D6*3,G allele,,The presence of this polymorphism in CYP2D6 is associated with reduced or poor metabolism of clomipramine.,
DB01242,effect,Cytochrome P450 2D6,CYP2D6,P10635,rs28371733,CYP2D6*4,3877G>A,,The presence of this polymorphism in CYP2D6 is associated with reduced or poor metabolism of clomipramine.,
DB01248,adverse_reaction,Canalicular multispecific organic anion transporter 1,ABCC2,Q92887,rs12762549,,,G Allele,Patients with this polymorphism in ABCC2 are at a higher risk of experiencing drug-induced leukopenia and drug-induced neutropenia when treated with docetaxel.,18294295
DB01259,adverse_reaction,"HLA class II histocompatibility antigen, DQ alpha 1 chain",HLA-DQA1,P01909,,HLA-DQA1*02:01,,HLA-DQA1*02,The presence of this polymorphism in TNXB may indicate an increased risk of drug-induced ALT-elevations leading to hepatotoxicity when treated with lapatinib.,21245432
DB01259,adverse_reaction,"HLA class II histocompatibility antigen, DRB1-11 beta chain",HLA-DRB1,P20039,,HLA-DRB1*07:01,,HLA-DRB1*07,The presence of this polymorphism in TNXB may indicate an increased risk of drug-induced ALT-elevations leading to hepatotoxicity when treated with lapatinib.,21245432
DB01259,adverse_reaction,"HLA class II histocompatibility antigen, DQ beta 1 chain",HLA-DQB1,P01920,,HLA-DQB1*02:02,,HLA-DQB1*02,The presence of this polymorphism in TNXB may indicate an increased risk of drug-induced ALT-elevations leading to hepatotoxicity when treated with lapatinib.,21245432
DB01259,adverse_reaction,Tenascin-X,TNXB,P22105,rs12153855,,,T > C,The presence of this polymorphism in TNXB may indicate an increased risk of drug-induced ALT-elevations leading to hepatotoxicity when treated with lapatinib.,21245432
DB01268,adverse_reaction,Cytochrome P450 3A4,CYP3A4,P08684,rs4646437,,,G > A,Patients with metastatic renal cell carcinoma who carry this polymorphism in CYP3A4 are at a higher risk of experiencing drug-induced hypertension when treated with sunitinib.,26810136
DB01418,effect,Cytochrome P450 2C9,CYP2C9,P11712,rs1799853,CYP2C9*2,T Allele,,The presence of this polymorphism in CYP2C9 is associated with reduction in acenocoumarol metabolism.,18021343
DB01418,effect,Cytochrome P450 2C9,CYP2C9,P11712,rs1057910,CYP2C9*3,C Allele,,The presence of this polymorphism in CYP2C9 is associated with reduction in acenocoumarol metabolism.,18021343
DB01418,effect,Cytochrome P450 2C9,CYP2C9,P11712,rs1799853,CYP2C9*2,T Allele,,Patients with this polymorphism in CYP2C9 may be at a higher risk of developing drug-related hemorrhage or thrombosis when treated with acenocoumarol.,28033245
DB01418,effect,Cytochrome P450 2C9,CYP2C9,P11712,rs1057910,CYP2C9*3,C Allele,,Patients with this polymorphism in CYP2C9 may be at a higher risk of developing drug-related hemorrhage or thrombosis when treated with acenocoumarol.,28033245
DB01418,adverse_reaction,Vitamin K epoxide reductase complex subunit 1,VKORC1,Q9BQB6,rs9934438,,,G > A,The presence of this single nucleotide polymorphism in VKORC1 is associated with reduction in acenocoumarol metabolism and increased risk of drug-related hemorrhage.,16815313
DB01577,adverse_reaction,PRKCA-binding protein,PICK1,Q9NRD5,rs713729,,,T allele,The prescence of this polymorphism in PICK1 is associated with increased susceptibility to drug-related psychosis and addiction when using methamphetamine.,17606663
DB04868,adverse_reaction,UDP-glucuronosyltransferase 1-1,UGT1A1,P22309,rs8175347,UGT1A1*28 or UGT1A 7/7,,extra TA in promoter,Patients who carry this polymorphism in UGT1A1 are at a higer risk of developing hyperbilirubinemia when treated with nilotinib.,
DB05015,adverse_reaction,UDP-glucuronosyltransferase 1-1,UGT1A1,P22309,rs8175347,UGT1A1*28,,"extra TA in promoter, homozygous",Patients who carry this genotype in UGT1A1 are at greater risk of experiencing dose-limiting toxicity from belinostat therapy.,26313268
DB05015,adverse_reaction,UDP-glucuronosyltransferase 1-1,UGT1A1,P22309,rs4124874,UGT1A1*60,,A > C,Patients who carry this genotype in UGT1A1 may be at greater risk of experiencing dose-limiting toxicity from belinostat therapy.,26313268
DB06210,adverse_reaction,Coagulation factor V,F5,P12259,rs6025,Factor V Leiden,,A allele,Patients who carry this polymorphism in F5 are associated with an increased risk of thromboembolism when treated with eltrombopag.,
DB06210,adverse_reaction,Antithrombin-III,SERPINC1,P01008,rs121909567,,,C > T,Patients who carry this polymorphism in SERPINC1 are associated with antithrombin III deficiency and an increased risk of thromboembolism when treated with eltrombopag.,27214036
DB06589,adverse_reaction,UDP-glucuronosyltransferase 1-1,UGT1A1,P22309,rs3064744,UGT1A1*28,,TA pair insertion,The presence of this polymorphism in UGT1A1 is associated with an increase in the incidence of hyperbilirubinemia when treated with pazopanib.,20389299
DB06589,adverse_reaction,HLA class I histocompatibility antigen protein P5,HCP5,Q6MZN7,rs2395029,HLA-B*57:01,,G allele,The presence of this polymorphism in HCP5 may indicate an increased risk of ALT elevation  leading to drug-related hepatotoxicty from pazpanib therapy.,26546620
DB08820,effect,Cystic fibrosis transmembrane conductance regulator,CFTR,P13569,rs75527207,,"A allele (G > A), double homozygote",,Patients who carry this polymorphism in CFTR will respond to ivacaftor therapy.,23757359
DB08916,effect,Epidermal growth factor receptor,EGFR,P00533,rs121913444,L861Q,T > A or G,,The presence of this polymorphism in EGFR is associated with a higher response rate to afatinib.,15118073
DB08916,effect,Epidermal growth factor receptor,EGFR,P00533,rs121434568,L858R,T > G,,The presence of this polymorphism in EGFR is associated with a higher response rate to afatinib.,15118073
DB08916,effect,Epidermal growth factor receptor,EGFR,P00533,rs28929495,G719A/C,G > A or C or T,,The presence of this polymorphism in EGFR is associated with a higher response rate to afatinib.,15118073
DB08930,effect,UDP-glucuronosyltransferase 1-1,UGT1A1,P22309,rs8175347,UGT1A1*28 or UGT1A 7/7,extra TA in promoter,,Poor drug metabolizer.,24329186
DB08930,effect,UDP-glucuronosyltransferase 1-1,UGT1A1,P22309,rs4148323,UGT1A1*6,G > A,,The presence of this polymorphism in UGT1A1 is associated with reduction in dolutegravir metabolism.,24329186
DB08930,effect,UDP-glucuronosyltransferase 1-1,UGT1A1,P22309,rs8175347,UGT1A1*37,TA pair insertion,,The presence of this polymorphism in UGT1A1 is associated with reduction in dolutegravir metabolism.,24329186
DB09256,adverse_reaction,Dihydropyrimidine dehydrogenase [NADP(+)],DPYD,Q12882,rs3918290,DPYD*2A,,G > A,The presence of this genotype in DPYD is associated with an increased risk of drug-related toxicity from tegafur therapy.,23988873
DB09256,adverse_reaction,Dihydropyrimidine dehydrogenase [NADP(+)],DPYD,Q12882,rs55886062,DPYD*13,,A > C,The presence of this genotype in DPYD is associated with an increased risk of drug-related toxicity from tegafur therapy.,23988873
DB09256,adverse_reaction,Dihydropyrimidine dehydrogenase [NADP(+)],DPYD,Q12882,rs67376798,,,T > A,The presence of this genotype in DPYD may be associated with an increased risk of drug-related toxicity from tegafur therapy.,23988873
DB09256,adverse_reaction,Dihydropyrimidine dehydrogenase [NADP(+)],DPYD,Q12882,rs1801158,DPYD*4,,G > A,The presence of this genotype in DPYD may be associated with an increased risk of drug-related toxicity from tegafur therapy.,23988873
DB09256,adverse_reaction,Dihydropyrimidine dehydrogenase [NADP(+)],DPYD,Q12882,rs1801159,DPYD*5,,A > G,The presence of this genotype in DPYD may be associated with an increased risk of drug-related toxicity from tegafur therapy.,23988873
DB09256,adverse_reaction,Dihydropyrimidine dehydrogenase [NADP(+)],DPYD,Q12882,rs1801160,DPYD*6,,G > A,The presence of this genotype in DPYD may be associated with an increased risk of drug-related toxicity from tegafur therapy.,23988873
DB09256,adverse_reaction,Dihydropyrimidine dehydrogenase [NADP(+)],DPYD,Q12882,rs1801265,DPYD*9A,,T > C,The presence of this genotype in DPYD may be associated with an increased risk of drug-related toxicity from tegafur therapy.,23988873
